title,price,stock
Slow States of Collapse: Poems,£57.31,In stock
Reasons to Stay Alive,£26.41,In stock
Private Paris (Private #10),£47.61,In stock
#HigherSelfie: Wake Up Your Life. Free Your Soul. Find Your Tribe.,£23.11,In stock
Without Borders (Wanderlove #1),£45.07,In stock
When We Collided,£31.77,In stock
"We Love You, Charlie Freeman",£50.27,In stock
Untitled Collection: Sabbath Poems 2014,£14.27,In stock
"Unseen City: The Majesty of Pigeons, the Discreet Charm of Snails & Other Wonders of the Urban Wilderness",£44.18,In stock
Unicorn Tracks,£18.78,In stock
"Unbound: How Eight Technologies Made Us Human, Transformed Society, and Brought Our World to the Brink",£25.52,In stock
Tsubasa: WoRLD CHRoNiCLE 2 (Tsubasa WoRLD CHRoNiCLE #2),£16.28,In stock
Throwing Rocks at the Google Bus: How Growth Became the Enemy of Prosperity,£31.12,In stock
This One Summer,£19.49,In stock
Thirst,£17.27,In stock
The Torch Is Passed: A Harding Family Story,£19.09,In stock
The Secret of Dreadwillow Carse,£56.13,In stock
"The Pioneer Woman Cooks: Dinnertime: Comfort Classics, Freezer Food, 16-Minute Meals, and Other Delicious Ways to Solve Supper!",£56.41,In stock
The Past Never Ends,£56.50,In stock
The Natural History of Us (The Fine Art of Pretending #2),£45.22,In stock
